K,Theta,DSMDV,dt,vinfLaunch,vinf1x,vinf1y,vinf2x,vinf2y,bendang,fb_radius,dvegaRA
2,-15,0.0513685998252516,695.219266441782,5.15010617287766,5.51338211387576,1.11511658581145,5.43335357961316,-1.4558627038501,26.4341858465597,42500.1636440316,360442441.52694
2,-16,0.0584990132451566,692.630240944346,5.15010617287766,5.56316446955424,1.18440228390499,5.46750980752018,-1.56778320889744,28.0188706535454,38574.6426299669,364844710.730294
2,-17,0.0661036806679185,690.052347925623,5.15010617287766,5.61608749753316,1.25271447112895,5.50267864052233,-1.68233769061491,29.5744445954372,35129.483517775,369579275.289931
2,-18,0.0741852979601949,687.485391167124,5.15010617287766,5.67213796903917,1.31999341047127,5.53867192101413,-1.79962359810964,31.1004365495085,32087.1769966732,374657077.860064
2,-19,0.082746736527441,684.929173973521,5.15010617287766,5.73130189766957,1.38617964654369,5.57529864350731,-1.91972927529598,32.5965225139058,29386.1756233733,380090324.330967
2,-20,0.0917910386892081,682.383501556833,5.15010617287766,5.79356451943314,1.45121389023598,5.61236573235436,-2.04273407039263,34.0625141920117,26976.9211012769,385892601.371898
2,-21,0.101321419157641,679.848180798014,5.15010617287766,5.85891029774581,1.51503704135768,5.64967880069502,-2.16870850108884,35.4983483607919,24819.0074890565,392079011.670065
2,-22,0.111341275513802,677.32301738592,5.15010617287766,5.92732296540941,1.577590351305,5.68704290598044,-2.29771448146588,36.9040771326207,22879.1188043891,398666331.273215
2,-23,0.121854180761128,674.807818916758,5.15010617287766,5.99878549264769,1.63881526848049,5.72426309500029,-2.42980552518567,38.2798554010804,21129.5097260187,405673174.206501
2,-24,0.132863889466842,672.302393463572,5.15010617287766,6.07328011099827,1.69865352435682,5.76114498607481,-2.56502700802195,39.6259305521004,19546.8639747932,413120187.62277
2,-25,0.144374334437027,669.806551006754,5.15010617287766,6.15078829818554,1.75704706670916,5.79749521448778,-2.70341641663261,40.9426312004069,18111.4282893493,421030266.10463
2,-26,0.156389640117696,667.320100334604,5.15010617287766,6.23129083156358,1.81393823519152,5.83312193570634,-2.84500366112236,42.2303583125789,16806.3439058174,429428807.083371
2,-27,0.168914111384438,664.842852619608,5.15010617287766,6.31476774041306,1.86926957922647,5.86783509349277,-2.98981131357109,43.4895739919143,15617.1288506113,438343984.285163
2,-28,0.181952244614004,662.37461903425,5.15010617287766,6.40119834958124,1.92298399495175,5.90144679327386,-3.1378549204321,44.7207934145372,14531.2679143289,447807077.34566
2,-29,0.195508722956912,659.915212419947,5.15010617287766,6.4905612582891,1.97502464460974,5.9337715161137,-3.28914326063444,45.9245757095276,13537.888043828,457852838.552611
2,-30,0.209588432333816,657.464444187601,5.15010617287766,6.58283440340663,2.02533513210283,5.96462642459718,-3.44367867185674,47.1015174063638,12627.4961327455,468519931.756857
2,-31,0.224196449371612,655.022127655466,5.15010617287766,6.67799500808879,2.07385933209584,5.99383144386375,-3.60145727170683,48.252244000998,11791.7685025384,479851418.303434
2,-32,0.239338046341774,652.588077333887,5.15010617287766,6.77601959984071,2.12054143674499,6.02120942187176,-3.76246922915534,49.3774038298797,11023.3776003625,491895335.544309
2,-33,0.255018703170341,650.162107017954,5.15010617287766,6.8768840569317,2.16532606667564,6.04658629689623,-3.92669905412843,50.4776629817679,10315.8490449781,504705377.58333
2,-34,0.271244095685279,647.744032648524,5.15010617287766,6.98056355838298,2.2081581247544,6.06979109404809,-4.09412578838974,51.5536990708793,9663.44410947269,518341672.532642
2,-35,0.288020116941075,645.333668735941,5.15010617287766,7.08703266764968,2.24898299661004,6.09065609334028,-4.26472330919977,52.6061979354113,9061.0601133513,532871726.006101
2,-36,0.305352863799887,642.930831459482,5.15010617287766,7.19626527572947,2.28774639103183,6.10901677381987,-4.43846049047824,53.6358484855933,8504.14804036688,548371504.839487
2,-37,0.323248645832846,640.53533747526,5.15010617287766,7.30823463439916,2.32439441151155,6.12471187114678,-4.61530143621532,54.6433396100991,7988.64196401701,564926744.796077
2,-38,0.341713988228489,638.147003916224,5.15010617287766,7.42291336505022,2.35887356329731,6.13758338447081,-4.79520567977349,55.6293571176989,7510.89924980386,582634505.543011
2,-39,0.360755642368777,635.765647200068,5.15010617287766,7.54027349791252,2.39113082436644,6.14747660868041,-4.97812840214918,56.5945814862476,7067.6492496096,601605044.200534
2,-40,0.380380574285261,633.391085413416,5.15010617287766,7.66028642284761,2.42111352355894,6.15424004412871,-5.16402055120485,57.5396848506195,6655.94973400024,621964053.054003
2,-41,0.400595981101604,631.023136166056,5.15010617287766,7.78292295173702,2.44876946242341,6.30026176888258,-5.18430932683697,56.9153393515912,6578,643440412.181983
2,-42,0.421409283397363,628.661618259867,5.15010617287766,7.90815328482189,2.47404683152696,6.48104422835554,-5.16293151329041,55.913706676723,6578,665223128.297516
2,-43,0.442828144753833,626.306349304636,5.15010617287766,8.03594708460786,2.4968943442936,6.66171725259343,-5.14124986357228,54.9203757305165,6578,687223596.425085
2,-44,0.464860458964596,623.957148102244,5.15010617287766,8.16627342164259,2.51726111447675,6.84224751654287,-5.11940172655416,53.9359696233618,6578,709370649.177609
2,-45,0.487512154822418,621.614123848398,5.15010617287766,8.29909218521716,2.53508121617671,7.02258250413069,-5.09753890068748,52.9611475856326,6578,731584839.561035
2,-46,0.510796156361089,619.276490238627,5.15010617287766,8.43438915152195,2.55033705084586,7.2027558133433,-5.07577069276949,51.9962263015389,6578,753787533.555665
2,-47,0.534718751744669,616.944382694681,5.15010617287766,8.57212258403277,2.56296221750586,7.38272465795783,-5.05424945455097,51.0417689599618,6578,775888048.554788
2,-48,0.559288826860396,614.617619541605,5.15010617287766,8.71225942782545,2.57290776246587,7.56248000199865,-5.03311185165412,50.0981874319803,6578,797793429.722603
2,-49,0.584515516629022,612.296020058115,5.15010617287766,8.85476609050707,2.58012516924111,7.74201773681665,-5.01249336851049,49.1658481435138,6578,819406929.264953
2,-50,0.610408216034695,609.979403522928,5.15010617287766,8.99960848099726,2.58456641343638,7.92133834479398,-4.99252793522458,48.2450744524352,6578,840628975.401139
2,-51,0.636976590262748,607.667588499506,5.15010617287766,9.14675204419589,2.58618400413212,8.10044654626477,-4.97334760622438,47.3361490386881,6578,861358274.247756
2,-52,0.664230570611011,605.360393789728,5.15010617287766,9.29616174066808,2.58493093670114,8.27935080778253,-4.95508236640385,46.439316716121,6578,881493017.589356
2,-53,0.692180360255365,603.057638195475,5.15010617287766,9.44780206436701,2.58076070864761,8.45806296634233,-4.93785991499813,45.5547867845249,6578,900932193.411876
2,-54,0.720836435773883,600.759140757044,5.15010617287766,9.60163704401566,2.57362731011453,8.63659782441457,-4.92180550973916,44.6827354288745,6578,919576958.315323
2,-55,0.750209568096433,598.464718965014,5.15010617287766,9.75763031797884,2.56348531985578,8.81497293493852,-4.90704173242467,43.8233074484377,6578,937332052.86068
2,-56,0.780310805403684,596.174191025217,5.15010617287766,9.91574506439375,2.55028978891224,8.99320804916561,-4.89368850397142,42.9766190527576,6578,954107185.106341
2,-57,0.811151487010091,593.88737478586,5.15010617287766,10.0759440491784,2.53399629891518,9.17132487163912,-4.88186294604259,42.1427595943561,6578,969818388.720169
2,-58,0.842743248709585,591.604087618311,5.15010617287766,10.2381896412405,2.51456096991264,9.34934674875783,-4.87167931753565,41.3217934869712,6578,984389288.153967
2,-59,0.875098030785615,589.324146059473,5.15010617287766,10.4024438374161,2.49194048001552,9.52729839507948,-4.86324895904498,40.5137619684798,6578,997752239.694453
2,-60,0.908228070893958,587.047366884669,5.15010617287766,10.5686682309695,2.46609201137998,9.70520551483567,-4.8566803374011,39.7186851454852,6578,1009849306.6598
2,-61,0.942145923238726,584.773565677126,5.15010617287766,10.7368240780546,2.43697332447327,9.88309465574239,-4.85207896606425,38.9365632847872,6578,1020633056.53766
2,-62,0.976864447186951,582.502558258494,5.15010617287766,10.9068722505184,2.40454268561874,10.0609928357081,-4.84954750218215,38.1673787604128,6578,1030067134.6715
2,-63,1.01239682833602,580.234159139117,5.15010617287766,11.0787733088246,2.36875894617678,10.2389274411169,-4.84918568720172,37.4110971507155,6578,1038126622.56149
2,-64,1.0487565734797,577.968182352503,5.15010617287766,11.2524874783476,2.32958149999718,10.4169259388038,-4.85109043421957,36.6676688593962,6578,1044798155.01647
2,-65,1.08595751148573,575.704441693743,5.15010617287766,11.4279746479753,2.28697027156959,10.5950156558487,-4.85535589119173,35.9370304914301,6578,1050079810.63398
2,-66,1.12401380983925,573.442749646624,5.15010617287766,11.6051944256275,2.24088576923229,10.7732236858406,-4.86207343652946,35.2191058443616,6578,1053980785.30796
2,-67,1.16293997017056,571.182918098887,5.15010617287766,11.7841061171083,2.19128904850782,10.9515766592933,-4.87133178391713,34.5138072518165,6578,1056520861.1264
2,-68,1.20275083327782,568.924758223017,5.15010617287766,11.9646687398316,2.13814171722985,11.1301005994143,-4.88321704450853,33.8210366513064,6578,1057729701.04273
2,-69,1.24346158881442,566.668079999407,5.15010617287766,12.1468410531754,2.08140595766452,11.3088208216216,-4.89781277267374,33.1406865089409,6578,1057645995.97286
2,-70,1.28508777126174,564.412692812403,5.15010617287766,12.3305815397809,2.02104449584881,11.4877617563627,-4.91520007654177,32.4726409141724,6578,1056316496.35144
2,-71,1.3276452709394,562.158404854258,5.15010617287766,12.5158484408581,1.95702062899859,11.6669468842938,-4.9354576622561,31.8167763507488,6578,1053794962.30446
2,-72,1.3711503358348,559.905023244341,5.15010617287766,12.7025997587238,1.88929821761103,11.846398623235,-4.95866192080227,31.172962565914,6578,1050141065.04106
2,-73,1.41561957302472,557.652354148348,5.15010617287766,12.8907932583174,1.81784167766223,12.0261382262597,-4.9848870154321,30.541063378342,6578,1045419271.7397
2,-74,1.46106995645457,555.400202420672,5.15010617287766,13.0803864913096,1.74261599528282,12.2061857297139,-5.0142049420401,29.9209373371047,6578,1039697741.77024
2,-75,1.50751882805731,553.148371723612,5.15010617287766,13.2713367970069,1.66358671840723,12.3865598710493,-5.04668561633884,29.3124384268154,6578,1033047260.57982
2,15,0.0513558809552983,779.082143333872,5.15010617287766,5.513325759117,-1.11479118938733,5.43323792432067,1.45583171410787,26.4310509088991,42508.3920282358,360434130.88054
2,16,0.0584846516906153,782.119121101816,5.15010617287766,5.56310130868474,-1.1840607739229,5.46738207390513,1.56774658187272,28.0156383209773,38582.1999835388,364835311.109114
2,17,0.0660875173723302,785.174027946909,5.15010617287766,5.61601686666218,-1.25235547477264,5.5025379840445,1.68229468761409,29.571108704858,35136.4821194242,369568658.898662
2,18,0.0741671553288515,788.247087982615,5.15010617287766,5.67205913090938,-1.3196154516525,5.53851742812202,1.79957340032607,31.0969905353991,32093.7056382348,374645098.927096
2,19,0.0827264162211648,791.338527229746,5.15010617287766,5.73121403438914,-1.38578113784761,5.57512932741398,1.91967097508968,32.5929593861193,29392.305560813,380076816.490512
2,20,0.0917683221190124,794.448571709116,5.15010617287766,5.79346673440121,-1.4507931668954,5.6121805474138,2.04266666858643,34.0588268853753,26982.7096938075,385877376.16546
2,21,0.10129606790652,797.577447441538,5.15010617287766,5.8588016176019,-1.51459238742028,5.64947665643122,2.16863090517608,35.4945299835566,24824.5010577397,392061856.782557
2,22,0.11131302041277,800.72537949415,5.15010617287766,5.92720229471976,-1.5771198357333,5.68682259433188,2.297625469782,36.9001195890079,22884.3569304853,398647000.890939
2,23,0.12182272977785,803.892595795115,5.15010617287766,5.99865164947838,-1.63831691968512,5.72402337005699,2.42970376798442,38.2757509408824,21134.5246381134,405651391.584012
2,24,0.132828919718594,807.079322365244,5.15010617287766,6.07313179325241,-1.69812522096075,5.76088451586986,2.56491103921504,39.6216708749758,19551.6831066831,413095636.145764
2,25,0.144335488423369,810.285783318003,5.15010617287766,6.15062406783157,-1.75648651249997,5.7972125691677,2.70328461695531,40.9382073146986,18116.075315562,421002582.320452
2,26,0.156346526976518,813.512206581553,5.15010617287766,6.23110912410686,-1.81334302236758,5.83281562070785,2.84485426131523,42.2257610919228,16810.8388472336,429397577.08938
2,27,0.168866299944411,816.758816269358,5.15010617287766,6.31456683505644,-1.8686371161979,5.86750351580927,2.98964236630286,43.4847936493704,15621.4892136815,438308732.505598
2,28,0.181899261235399,820.025837448557,5.15010617287766,6.40097636300187,-1.92231151979951,5.90108827068513,3.13766429059021,44.7158196645834,14535.5089488271,447767257.946866
2,29,0.195450047696574,823.31349327894,5.15010617287766,6.49031612970723,-1.97430921134442,5.93338427326736,3.2889286084196,45.9193977158922,13542.0231384111,457807823.829573
2,30,0.209523494187785,826.622008827646,5.15010617287766,6.58256387897242,-2.02457359810572,5.96420859009595,3.44343743499498,47.0961237430403,12631.537119962,468468998.479104
2,31,0.22412461712086,829.951605347117,5.15010617287766,6.67769660368408,-2.07304828977007,5.9933810168997,3.60118662788238,48.2466222295269,11795.7261749233,479793727.572725
2,32,0.239258626150366,833.302503136118,5.15010617287766,6.77569059386857,-2.11967723616561,6.02072428887458,3.7621660844138,49.3715407377638,11027.2616622284,491829915.215203
2,33,0.254930934325334,836.674923447092,5.15010617287766,6.87652147723067,-2.16440482054541,6.04606424016119,3.92636002652061,50.4715446781803,10319.6681821141,504631100.218163
2,34,0.271147150971508,840.069085625132,5.15010617287766,6.98016418619347,-2.20717575542573,6.06922982572789,4.09374720812754,51.5473113443932,9667.20590109979,518257232.815967
2,35,0.287913065206606,843.485202339609,5.15010617287766,7.08659288631416,-2.24793490668073,6.09005307493243,4.26430107116491,52.5995241757386,9064.77233836782,532775579.756378
2,36,0.305234705482594,846.923493889292,5.15010617287766,7.19578122427225,-2.28662788937304,6.10836946806039,4.43799019531536,53.6288725273163,8507.81705581916,548261865.509548
2,37,0.323118254770681,850.384166267832,5.15010617287766,7.30770196891624,-2.32320019828521,6.12401745544314,4.61477815644939,54.6360425382022,7992.27451510669,564801486.360237
2,38,0.34157016756832,853.867438820322,5.15010617287766,7.42232749852226,-2.35759833201562,6.13683911082615,4.79462418947273,55.6217210776629,7514.5005222963,582491162.425811
2,39,0.360597037119937,857.373511818369,5.15010617287766,7.53962924327359,-2.38976851813593,6.1466793839999,4.97748282233204,56.5865852168981,7071.22511739185,601440658.472808
2,40,0.380205703170112,860.902591255625,5.15010617287766,7.65957813241482,-2.41965771612471,6.15338666577711,5.16330448174477,57.5313061204864,6659.50552818325,621775119.555228
2,41,0.400403224391028,864.454881218394,5.15010617287766,7.78214447553211,-2.44721332723625,6.29766053268735,5.18556626821891,56.9249801400977,6578,643232847.922945
2,42,0.421196864402597,868.030580070933,5.15010617287766,7.90729790187865,-2.47238306393767,6.47826406391686,5.16431339502782,55.9239464362793,6578,664998327.818606
2,43,0.442594094226149,871.629880455454,5.15010617287766,8.03500736816402,-2.49511497048617,6.65874531582676,5.14276705104845,54.9312474956296,6578,686980824.918894
2,44,0.464602623427591,875.25297501417,5.15010617287766,8.16524128349716,-2.51535765757207,6.83907010126444,5.12106527133014,53.9475077106634,6578,709109289.910009
2,45,0.487230376961547,878.900050667246,5.15010617287766,8.29796741095305,-2.53306010065053,7.01921072422566,5.09934676558302,52.9732948714483,6578,731306551.938817
2,46,0.510485468747407,882.571282890757,5.15010617287766,8.43315275762237,-2.54817144894392,7.199145244374,5.07775057648699,52.0091242100393,6578,753489660.607631
2,47,0.534376292747724,886.266852882822,5.15010617287766,8.57076394267897,-2.56064168044595,7.37885814256856,5.05641502337503,51.055457347113,6578,775570491.298066
2,48,0.558912485715892,889.987124947031,5.15010617287766,8.71077108052951,-2.57042801891896,7.55835057335854,5.03547114260856,50.1126677597078,6578,797457279.79784
2,49,0.584108401046993,893.73326256605,5.15010617287766,8.85316169942153,-2.57751673494283,7.73767619358847,5.01502060994657,49.1809196641277,6578,819058287.876645
2,50,0.609967605285948,897.504375008066,5.15010617287766,8.99787822223625,-2.58182049060382,7.91676983277565,4.99523422501374,48.2607665845537,6578,840268897.846191
2,51,0.636499422313906,901.300612953623,5.15010617287766,9.14488486951528,-2.58329064251197,8.09563412814038,4.97624536007501,47.3524959512096,6578,860988024.869251
2,52,0.663713472928832,905.122130897959,5.15010617287766,9.29414552111439,-2.58187937729057,8.27427600926875,4.95818501157112,46.4563551059316,6578,881114146.358854
2,53,0.691619538648673,908.969062355478,5.15010617287766,9.44562316877416,-2.57753885618221,8.45270486829692,4.94118245069759,45.5725585730593,6578,900546500.719377
2,54,0.720227684873047,912.841540840586,5.15010617287766,9.59928040583414,-2.57022197447604,8.63093342870402,4.92536429690133,44.7012860920469,6578,919186558.03535
2,55,0.749548164714864,916.739682701548,5.15010617287766,9.75507904260275,-2.55988178603419,8.80897640707488,4.9108549709287,43.8426880420353,6578,936939354.052874
2,56,0.779591513520001,920.663602379282,5.15010617287766,9.91298047863725,-2.54647204978935,8.98685105619384,4.89777602223593,42.9968845735003,6578,953714951.010555
2,57,0.810368472821369,924.613399055918,5.15010617287766,10.0729453999808,-2.52994679426487,9.16457609033188,4.88624650394571,42.1639700141018,6578,969429737.151427
2,58,0.841890022392664,928.589161423166,5.15010617287766,10.2349339043326,-2.51026050438633,9.34217166213443,4.87638272299776,41.3440137776053,6578,984007711.153918
2,59,0.874167353544655,932.59096291395,5.15010617287766,10.3989053953525,-2.48736798731098,9.51965882149974,4.8682983524053,40.5370628907954,6578,997381607.571192
2,60,0.907211896466347,936.618865517099,5.15010617287766,10.5648186886135,-2.46122452413312,9.69705946785018,4.86210425211644,39.7431429314901,6578,1009493889.16701
2,61,0.941035299101473,940.672915962656,5.15010617287766,10.7326319283286,-2.43178576954639,9.87439589880314,4.85790858000082,38.9622601872504,6578,1020297526.12819
2,62,0.975649449393263,944.753148582895,5.15010617287766,10.9023026728034,-2.39900786957505,10.0516907401695,4.85581667607911,38.194402616102,6578,1029756580.16074
2,63,1.0110664207585,948.859576729258,5.15010617287766,11.0737876834776,-2.36284721438259,10.2289662799254,4.85593136909967,37.4395425262976,6578,1037846538.34165
3,-15,0.0518582003673112,1060.52054909962,6.96228816582806,7.42074377045224,1.43261768341056,7.3002416638577,-1.9560938583827,25.9268565079488,24129.1672895712,549278171.758979
3,-16,0.0590401128447724,1057.98154572743,6.96228816582806,7.48350108933144,1.52149779851886,7.34077638827256,-2.10493375722436,27.4923706200174,21929.1679963367,560295733.837044
3,-17,0.0666955726275208,1055.45918778676,6.96228816582806,7.55020021217407,1.60910717350175,7.38244658983575,-2.25704042674264,29.0309453382386,19997.0571987813,572326089.710546
3,-18,0.07482649487113,1052.95321778554,6.96228816582806,7.62082122624139,1.695368113934,7.4250164005723,-2.4125340733983,30.5420777606212,18289.5740716106,585441908.294213
3,-19,0.0834349186254716,1050.46337537068,6.96228816582806,7.6953430569878,1.78020331711523,7.46824588686958,-2.57152328168616,32.0253981358831,16772.3871173061,599726240.050754
3,-20,0.0925229968462203,1047.98940495747,6.96228816582806,7.77374342726767,1.86353566062653,7.51189199782506,-2.7341050902308,33.4806600235379,15417.8698532978,615274132.754378
3,-21,0.102093004400819,1045.53104905385,6.96228816582806,7.85599890075591,1.94528842230384,7.55570960397934,-2.90036517613935,34.9077328428968,14203.510954307,632194607.0984
3,-22,0.112147347090196,1043.08804253834,6.96228816582806,7.9420849324057,2.02538547178179,7.59945246224622,-3.07037809673503,36.3065937374315,13110.7597257458,650613051.861163
3,-23,0.122688539064059,1040.66012887257,6.96228816582806,8.03197576332468,2.10375079900057,7.64287380972253,-3.24420745569517,37.6773150217768,12124.1766536461,670674083.358413
3,-24,0.133719217260595,1038.24704961079,6.96228816582806,8.12564449587038,2.18030884919134,7.68572722177586,-3.42190622659129,39.0200569346093,11230.7929306394,692545122.029474
3,-25,0.14524214702672,1035.84854153889,6.96228816582806,8.22306312707435,2.25498462735836,7.72776730676173,-3.60351707558282,40.3350589377889,10419.6251437875,716420792.348491
3,-26,0.157260210688863,1033.46434430379,6.96228816582806,8.32420249722695,2.32770348548153,7.76875017672412,-3.78907263361515,41.6226293710794,9681.30304679605,742528360.776778
3,-27,0.169776415568167,1031.09419564503,6.96228816582806,8.42903233483749,2.39839128417712,7.80843402205802,-3.97859585493671,42.8831378008813,9007.77851444181,771134600.027454
3,-28,0.182793886027512,1028.73783616322,6.96228816582806,8.53752122236054,2.46697426611954,7.84657948352306,-4.17210031767067,44.1170060863421,8392.09748896456,802554438.313522
3,-29,0.196315877693226,1026.39500169057,6.96228816582806,8.6496366727576,2.53337930358981,7.88295015049524,-4.36959062057047,45.3247021070818,7828.21768104081,837162066.301954
3,-30,0.210345766027542,1024.06542996663,6.96228816582806,8.76534507817921,2.59753371391675,7.91731278912682,-4.57106267006083,46.5067315229327,7310.86347159306,875405209.676528
3,-31,0.224887052020378,1021.7488577773,6.96228816582806,8.88461174429987,2.65936536264726,7.94943766409261,-4.77650403576769,47.6636317411801,6835.40769597425,917823814.642149
3,-32,0.239943358805282,1019.44502286214,6.96228816582806,9.00740087953191,2.71880262273605,8.05167364184767,-4.86782393592497,47.9519877126522,6578,964792379.302288
3,-33,0.25551844231944,1017.15365914601,6.96228816582806,9.13367565460942,2.77577453433631,8.2526263659096,-4.79824064567091,47.0788852905117,6578,1014450332.36552
3,-34,0.27161617334299,1014.87450532216,6.96228816582806,9.26339811943659,2.83021056301484,8.45349390789486,-4.72853860081173,46.21014704901,6578,1066293012.78206
3,-35,0.288240562147519,1012.60729388493,6.96228816582806,9.396529332886,2.88204094508555,8.65421667939705,-4.65891158737559,45.3468355756488,6578,1120277273.71281
3,-36,0.305395734335492,1010.35176209706,6.96228816582806,9.53302924928044,2.93119637433438,8.8547473688573,-4.58955421432869,44.4899236543339,6578,1176332318.46408
3,-37,0.323085949853221,1008.10764388341,6.96228816582806,9.67285682042614,2.97760826061985,9.05505038943064,-4.5206606228568,43.6402967417077,6578,1234356187.24112
3,-38,0.341315593450221,1005.87467412251,6.96228816582806,9.8159699555689,3.02120861670075,9.25510080964161,-4.45242368577267,42.7987571779316,6578,1294212250.89607
3,-39,0.360089183542722,1003.65258530873,6.96228816582806,9.96232557311875,3.06193017287529,9.45488356920006,-4.38503408210823,41.9660276591583,6578,1355726024.49228
3,-40,0.379411361664326,1001.44111184376,6.96228816582806,10.1118795563142,3.09970626408521,9.65439239663273,-4.31867972149527,41.1427557180579,6578,1418682370.38521
3,-41,0.399286904103589,999.239985745132,6.96228816582806,10.2645868191062,3.13447097220577,9.85362906762599,-4.25354499684731,40.32951726378,6578,1482823447.10464
3,-42,0.419720707915672,997.048941891372,6.96228816582806,10.4204012456163,3.16615898518882,10.0526023146535,-4.18981044231806,39.5268212331681,6578,1547847489.07155
3,-43,0.440717815484344,994.86770943898,6.96228816582806,10.5792758199586,3.19470586485811,10.2513272885218,-4.12765202764577,38.7351126603054,6578,1613408871.6776
3,-44,0.462283387910678,992.696021359146,6.96228816582806,10.7411625041954,3.22004777927425,10.4498243628577,-4.06724113223776,37.9547777244501,6578,1679119414.21486
3,-45,0.484422718564373,990.533609669387,6.96228816582806,10.9060123145577,3.24212165762563,10.6481185189995,-4.0087441242201,37.1861471084036,6578,1744551421.88852
3,-46,0.507141242673054,988.380202572524,6.96228816582806,11.0737753777873,3.26086528689922,10.8462386944419,-3.95232206685956,36.4294995007854,6578,1809242475.2526
3,-47,0.530444510815086,986.235533039749,6.96228816582806,11.2444008115917,3.27621707456029,11.0442167502027,-3.89813087336811,35.6850661778732,6578,1872701955.25911
3,-48,0.554338220568547,984.099328797042,6.96228816582806,11.4178368893939,3.28811635377157,11.2420871732909,-3.84632088844298,34.9530334936999,6578,1934419544.52932
3,-49,0.578828194023751,981.971319477737,6.96228816582806,11.5940309412191,3.29650318783306,11.4398861888264,-3.79703709753247,34.233547024661,6578,1993875231.6619
3,-50,0.603920390280698,979.851232807815,6.96228816582806,11.7729294253833,3.30131849355389,11.637651323546,-3.7504190062586,33.5267144251858,6578,2050550783.58519
3,-51,0.629620895791164,977.738797466934,6.96228816582806,11.9544778929754,3.30250397118199,11.8354207704676,-3.70660078229275,32.8326088009714,6578,2103942117.70366
3,-52,0.655935932453304,975.633740704238,6.96228816582806,12.1386210386341,3.30000218531456,12.0332329897641,-3.6657112484078,32.1512714052602,6578,2153572143.52944
3,-53,0.682871856072141,973.5357888152,6.96228816582806,12.3253027049493,3.29375656287503,12.2311262489437,-3.62787399815807,31.4827144623631,6578,2199003395.96137
3,-54,0.710435154519762,971.444667618453,6.96228816582806,12.514465885916,3.28371139120713,12.4291382058909,-3.5932075321866,30.8269238272163,6578,2239849837.16303
3,-55,0.738632445588045,969.360102932632,6.96228816582806,12.7060527294507,3.26981181633597,12.6273055328775,-3.56182541082447,30.1838614831422,6578,2275787194.4223
3,-56,0.767470480194719,967.281819622695,6.96228816582806,12.900004565867,3.25200388135105,12.8256636300119,-3.53383637050442,29.5534677599062,6578,2306561277.38898
3,-57,0.796956142085584,965.209541599929,6.96228816582806,13.0962619199021,3.23023453733423,13.0242463407884,-3.50934448228217,28.9356634930762,6578,2331993819.17096
3,-58,0.827096453325227,963.142990391433,6.96228816582806,13.2947645504533,3.20445169355407,13.22308575213,-3.48844926867629,28.3303519236282,6578,2351985571.66329
3,-59,0.857898550335595,961.081890862167,6.96228816582806,13.4954513518109,3.17460406984136,13.4222117751427,-3.47124606626615,27.7374210406688,6578,2366516538.093
3,-60,0.889369718281492,959.025962631881,6.96228816582806,13.6982605307733,3.14064144442969,13.6216522585056,-3.45782590651423,27.1567446223702,6578,2375643489.20237
3,-61,0.921517356717383,956.97492818135,6.96228816582806,13.9031294601167,3.10251444085507,13.8214325431008,-3.44827596009845,26.5881845039609,6578,2379494947.30099
3,-62,0.954349004684421,954.928506653488,6.96228816582806,14.109994812299,3.06017470809196,14.0215755434889,-3.44267949791798,26.0315915829809,6578,2378264105.98866
3,-63,0.987872323428838,952.886417668044,6.96228816582806,14.3187924947097,3.01357482620873,14.2221015021496,-3.44111618552302,25.4868074965097,6578,2372200140.53974
3,-64,1.02209510780685,950.848378460586,6.96228816582806,14.5294577195822,2.96266839331095,14.4230279978043,-3.44366215073498,24.9536656815374,6578,2361598469.52459
3,-65,1.05701164825126,948.817029278457,6.96228816582806,14.7418621497551,2.90733276659546,14.6242686619198,-3.45048540963307,24.4321920616467,6578,2346796997.14401
3,-66,1.09265827434662,946.785973828018,6.96228816582806,14.9560701733421,2.8476854510418,14.8260470141881,-3.46145596405511,23.9217859257862,6578,2328140579.53472
3,-67,1.1290284742828,944.758128445327,6.96228816582806,15.1719469870967,2.78359788564143,15.028261190017,-3.47674534196117,23.4224869718745,6578,2306007776.65598
3,-68,1.16613053937813,942.733205597579,6.96228816582806,15.3894250246806,2.71502770673801,15.2309173980666,-3.49641720220762,22.9341069033893,6578,2280778594.43072
3,-69,1.20397286390056,940.710920136154,6.96228816582806,15.608435975879,2.64193348936505,15.4340188139873,-3.52053254846894,22.4564544979845,6578,2252831884.37335
3,-70,1.24256397287079,938.690983097732,6.96228816582806,15.8289109340825,2.56427491701072,15.6375657927582,-3.54914965678881,21.9893359566027,6578,2222538457.07919
3,-71,1.281912498779,936.673105995834,6.96228816582806,16.0507803109338,2.48201267910122,15.8415557288645,-3.58232433182123,21.5325558554204,6578,2190255463.4485
3,-72,1.3220271833862,934.656999867141,6.96228816582806,16.2739738665658,2.39510850488121,16.0459831059737,-3.62010998764228,21.0859176951738,6578,2156321984.2497
3,-73,1.36291689231999,932.642371933639,6.96228816582806,16.4984207974615,2.30352525517862,16.2508396358425,-3.66255765026112,20.6492242689679,6578,2121055767.83048
3,-74,1.40459057737899,930.628932278335,6.96228816582806,16.7240495899854,2.20722676360109,16.4561140592493,-3.70971626182179,20.2222785429293,6578,2084751068.94679
3,-75,1.44705731576634,928.616385739028,6.96228816582806,16.9507882202119,2.10617804646577,16.6617924607459,-3.76163252390738,19.8048836540626,6578,2047677348.90702
3,15,0.0518309728732059,1145.68622712392,6.96228816582806,7.42057913936667,-1.43160993641025,7.29990106899023,1.95600259626302,25.9195914811841,24139.9896283112,549229715.04174
3,16,0.059010513361929,1148.86577538747,6.96228816582806,7.48332664350182,-1.52049772473824,7.34042058489825,2.10483173224854,27.485278141847,21938.5741864681,560243140.823628
3,17,0.0666636351160901,1152.06970719594,6.96228816582806,7.55001573528349,-1.60811287642972,7.38207590735034,2.25692709773378,29.0240128408972,20005.3031487774,572269004.515677
3,18,0.0747922184134257,1155.29823140401,6.96228816582806,7.62062640496131,-1.69437753344586,7.42463100537045,2.41240885090638,30.5352915931283,18296.860198185,585379897.899026
3,19,0.0833982689335785,1158.55155686635,6.96228816582806,7.695137474219,-1.77921423406903,7.46784577899318,2.57138551349602,32.0187437430056,16778.8725506164,599658780.742904
3,20,0.092483914085236,1161.82988862294,6.96228816582806,7.77352658355056,-1.86254582938191,7.51147706341572,2.73395406645663,33.4741229594073,15423.6817199829,615200603.175221
3,21,0.102051398123899,1165.13342408437,6.96228816582806,7.85577017377019,-1.94429540257297,7.55527954840535,2.90020009327143,34.9012977453089,14208.7528188808,632114257.555477
3,22,0.11210309335833,1168.46236542958,6.96228816582806,7.94184356697861,-2.02438662635921,7.59900680675542,3.07019804022906,36.3002444510407,13115.5167677329,650524978.183964
3,23,0.122641481412134,1171.81690053242,6.96228816582806,8.03172085570662,-2.1027432699386,7.64241187989251,3.24401137811547,37.6710345775766,12128.5196165269,670577192.354264
3,24,0.133669175866588,1175.19722489613,6.96228816582806,8.12537504967572,-2.17928981076724,7.68524826631795,3.42169298188245,39.0138292247257,11234.7800015429,692438116.877658
3,25,0.145188897453913,1178.60351876515,6.96228816582806,8.2227779316868,-2.25395084362498,7.72727029737281,3.6032853162986,40.3288660594557,10423.3060870405,716302079.902608
3,26,0.157203498457985,1182.03596810597,6.96228816582806,8.32390020884539,-2.32665166178264,7.76823397516025,3.78882086529018,41.6164538880507,9684.71947619446,742396023.42356
3,27,0.169715938541529,1185.49474457997,6.96228816582806,8.42871137711368,-2.39731774823032,7.80789723121773,3.97832234634252,42.8769609258587,9010.96635862576,770986276.143806
3,28,0.18272663836778,1188.97816399831,6.96228816582806,8.53716484438065,-2.46582692392252,7.84599601716538,4.17179008310523,44.110536926644,8395.2185930637,802379900.570168
3,29,0.196243596075552,1192.48981789845,6.96228816582806,8.64925498708524,-2.53219510287019,7.88233870852943,4.36925169275439,45.3181591248356,7831.17426075108,836963108.312897
3,30,0.210268121363243,1196.0283921172,6.96228816582806,8.76493649290046,-2.59631071568568,7.91667264655561,4.57069308357503,46.5001096396587,7313.67086620243,875177473.213534
3,31,0.224803679072827,1199.59404496449,6.96228816582806,8.88417448911615,-2.6581013425828,7.94876796795321,4.77610164173081,47.656924568271,6838.07985929181,917561887.976243
3,32,0.239853678698256,1203.18682317036,6.96228816582806,9.00693203471299,-2.71749239914778,8.04993451097101,4.86910094231399,47.9573089015673,6578,964497097.242746
3,33,0.255421901599688,1206.8069279601,6.96228816582806,9.13317248333914,-2.77441395830713,8.25082590428411,4.79959209930042,47.0843945789426,6578,1014129380.36297
3,34,0.271512265954419,1210.45455674428,6.96228816582806,9.26285817517992,-2.82879667679249,8.45162899955471,4.72996823097317,46.215848081962,6578,1065944745.38958
3,35,0.288128728679823,1214.12984875935,6.96228816582806,9.39594991425097,-2.8805704583932,8.6522837426404,4.66042347793856,45.3527329771567,6578,1119900059.1647
3,36,0.305275371997833,1217.8329384734,6.96228816582806,9.53240745267058,-2.92966583934269,8.85274258407114,4.59115263459129,44.4960222813185,6578,1175924628.87994
3,37,0.322956409986494,1221.56395844716,6.96228816582806,9.67218953279065,-2.9760140790193,9.05296970316141,4.52235002077324,43.6466016207238,6578,1233916661.43147
3,38,0.34117616778204,1225.32302788991,6.96228816582806,9.81525378303272,-3.01954689759195,9.25293974364243,4.45420884025635,42.8052740289017,6578,1293739725.44493
3,39,0.359939101784499,1229.11026314992,6.96228816582806,9.96155683447952,-3.06019675756737,9.45263724822434,4.38692008305067,41.9727627461598,6578,1355219618.14107
3,40,0.379249795412745,1232.92577485341,6.96228816582806,10.1110543058227,-3.09789681260512,9.65205565430301,4.32067187866441,41.1497154652829,6578,1418141598.38499
3,41,0.399112951981081,1236.76966408986,6.96228816582806,10.2637007740462,-3.13258083591157,9.85119627397732,4.255648980385,40.3367087026937,6578,1482248282.05016
3,42,0.419533398959601,1240.64202431935,6.96228816582806,10.4194498060235,-3.16418328838176,10.0500674733465,4.19203219499817,39.5342516378475,6578,1547238489.391
3,59,0.857709825712134,1311.03434495229,6.96228816582806,13.494557003357,-3.17335960137127,13.420623668477,3.47277126018683,27.7410070628421,6578,2366444298.46526
3,60,0.889176180761343,1315.43783931035,6.96228816582806,13.6973465765559,-3.13939627752703,13.6200579933557,3.45935434485487,27.1602685223034,6578,2375603815.78662
3,61,0.921318615524747,1319.87054232854,6.96228816582806,13.9021942213738,-3.10126667466089,13.8198289728858,3.44980960581127,26.5916522183037,6578,2379487060.44982
3,62,0.95414760127992,1324.33328179616,6.96228816582806,14.1090504841893,-3.05894069876453,14.0199830499788,3.4441978808234,26.0349589984618,6578,2378286656.45717
3,63,0.987666507412466,1328.82465771931,6.96228816582806,14.3178309386443,-3.01234391126462,14.2205057228789,3.44263207631918,25.490105384346,6578,2372251424.49765
3,64,1.02188473099145,1333.34507493275,6.96228816582806,14.5284784040149,-2.96144009723056,14.4214276589851,3.4451758245514,24.9568964676005,6578,2361676631.63093
3,65,1.05681016359408,1337.89442328709,6.96228816582806,14.7409272515258,-2.90618372115077,14.622763486513,3.4519020949849,24.4351590443323,6578,2346893544.07771
3,66,1.09245081740305,1342.47257928151,6.96228816582806,14.9551111336979,-2.84653023531101,14.8245249752381,3.46288068814639,23.9247140649178,6578,2328259238.68869
3,67,1.12881483126544,1347.07940797108,6.96228816582806,15.1709630312111,-2.78243613280355,15.0267210544559,3.47817832767044,23.4253775085559,6578,2306146769.34825
3,68,1.16591045321272,1351.71475819844,6.96228816582806,15.3884151909486,-2.7138588695396,15.2293576725238,3.49785890726561,22.9369615050091,6578,2280936116.88735
3,69,1.20374605277838,1356.37846640843,6.96228816582806,15.6073992033503,-2.64075695454878,15.4324378906185,3.52198352323501,22.4592749495923,6578,2253006138.96544
3,70,1.24233012025089,1361.07035664815,6.96228816582806,15.8278460190835,-2.56308996359697,15.6359618882711,3.55061059450968,21.9921242467696,6578,2222727693.46332
3,71,1.2816712497045,1365.79023627537,6.96228816582806,16.049685892287,-2.48081847216053,15.8399268693261,3.58379607501423,21.5353141719546,6578,2190458009.1933
3,72,1.32177816049833,1370.53790215749,6.96228816582806,16.2728485008553,-2.39390418664748,16.044327244443,3.62159341448778,21.0886481999711,6578,2156536251.33895
3,73,1.36265968008497,1375.3131363799,6.96228816582806,16.4972628898359,-2.30230987619997,16.2491545527597,3.66405375819362,20.6519292490459,6578,2121280278.97585
3,74,1.40432473653574,1380.11570481557,6.96228816582806,16.7228574609471,-2.20599936063789,16.4543974636869,3.71122607035804,20.2249602272207,6578,2084984453.22748
4,-32,0.222724424874144,1386.09856134121,7.94847323546324,10.1920691828736,3.01884394698951,9.68317540278339,-4.38495235135883,40.862079972548,6578,1661924356.15764
4,-33,0.237107195927528,1383.91153627102,7.94847323546324,10.3302538310119,3.0818407884829,9.88799830906388,-4.29410948843217,40.0855991722268,6578,1779746557.96518
4,-34,0.251963170931577,1381.73989778225,7.94847323546324,10.4721669838822,3.14200258824834,10.0928030697905,-4.20402043255031,39.3145213650589,6578,1906722205.87424
4,-35,0.267295135232491,1379.58332544033,7.94847323546324,10.6177619909741,3.19925203261778,10.2975575684374,-4.11489870955521,38.5497737259501,6578,2043392187.05813
4,-36,0.283105953180456,1377.44149976436,7.94847323546324,10.7669909252871,3.25351251481462,10.5022412177124,-4.02695501269292,37.7921958634846,6578,2190267602.85937
4,-37,0.299398571406758,1375.31409936611,7.94847323546324,10.9198046150805,3.30470821221186,10.7068438894834,-3.94039631580692,37.0425435080216,6578,2347807065.19678
4,-38,0.31617601868085,1373.20080094997,7.94847323546324,11.0761526560736,3.3527641059905,10.9113647884041,-3.85542517310857,36.3014925796601,6578,2516388125.35582
4,-39,0.333441394680312,1371.1012869424,7.94847323546324,11.2359833596785,3.39760585028955,11.1158111786036,-3.77223931034671,35.5696438405155,6578,2696272078.55605
4,-40,0.351197437775958,1369.01553493206,7.94847323546324,11.3992412610227,3.43915411116131,11.3201909238305,-3.69103776400953,34.8475441865482,6578,2887557239.40279
4,-41,0.369448374939719,1366.9425678796,7.94847323546324,11.565877862819,3.47734913785163,11.5245391054006,-3.61199199504312,34.1356170379547,6578,3090150071.72323
4,-42,0.388197054047124,1364.88240390484,7.94847323546324,11.7358350114881,3.51211244648003,11.728873838177,-3.53529005057811,33.4342823207369,6578,3303679341.67567
4,-43,0.407446903732518,1362.83471399013,7.94847323546324,11.9090562873088,3.54337325179125,11.933225139786,-3.4611058086944,32.7438806673277,6578,3527457472.49653
4,-44,0.427201423267355,1360.79917293255,7.94847323546324,12.0854840586425,3.57106157549008,12.1376262592496,-3.38960683537463,32.064698487559,6578,3760414265.45759
4,-45,0.447464198686203,1358.77544885341,7.94847323546324,12.2650595911166,3.59510846864636,12.3421130946464,-3.32095408488755,31.3969713542857,6578,4001039438.32964
4,-46,0.468238890980084,1356.76321035091,7.94847323546324,12.4477229958476,3.61544589032026,12.5467232874227,-3.25530206217965,30.7408882513167,6578,4247334457.09918
4,-47,0.489529232639014,1354.76212793056,7.94847323546324,12.6334132266638,3.63200669863506,12.751495503846,-3.19279890221241,30.0965953281303,6578,4496782078.26593
4,-48,0.51133919501698,1352.77178006832,7.94847323546324,12.8220690549448,3.64472645790682,12.9564707878039,-3.1335842939873,29.4641946337491,6578,4746344545.37609
4,-49,0.533672620391725,1350.79186301891,7.94847323546324,13.0136269778176,3.65353944059411,13.1616875415724,-3.07779444079303,28.8437584019873,6578,4992491471.33657
4,-50,0.55653246515767,1348.82258229915,7.94847323546324,13.2080169387871,3.65837131256602,13.3671728964686,-3.02557116455873,28.2353506532901,6578,5231268486.00754
4,-51,0.579924197889312,1346.86282258693,7.94847323546324,13.4051817154588,3.65917373218219,13.5729805410393,-2.97702006364312,27.6389403176895,6578,5458456474.4985
4,-52,0.603851367618368,1344.91255098049,7.94847323546324,13.6050516599103,3.65587888016287,13.7791399484759,-2.93226590464859,27.0545230013976,6578,5669694933.0164
4,-53,0.628318172496109,1342.97141938869,7.94847323546324,13.8075593742049,3.64842594452448,13.9856853252335,-2.89142071107285,26.4820542743391,6578,5860718095.09746
4,-54,0.65332886311841,1341.03908830349,7.94847323546324,14.0126363265246,3.63675500587864,14.1926485082859,-2.85459140902375,25.9214682114008,6578,6027579840.09557
4,-55,0.678887753306627,1339.11522012417,7.94847323546324,14.2202129338135,3.62080718080927,14.4000588344659,-2.82187988538118,25.3726793656192,6578,6166885530.66151
4,-56,0.704999226335935,1337.19947534267,7.94847323546324,14.430218618467,3.60052470889793,14.6079429875697,-2.79338311515804,24.8355847439664,6578,6275998794.00087
4,-57,0.731667741958655,1335.2915087289,7.94847323546324,14.6425818694131,3.57585103712793,14.8163248803677,-2.76919329076016,24.3100656520483,6578,6353198845.17086
4,-58,0.758897815128564,1333.39097886745,7.94847323546324,14.8572301448736,3.54673066065863,15.025225297301,-2.74939824731557,23.7959899505296,6578,6397769479.06831
4,-59,0.786694030506742,1331.49754052822,7.94847323546324,15.0740899768312,3.51310927740027,15.2346619189033,-2.73408149865331,23.2932134378975,6578,6410010431.2915
4,-60,0.815061037116991,1329.61084657375,7.94847323546324,15.2930869643368,3.47493376739341,15.4446491784468,-2.72332248204999,22.801581509745,6578,6391172355.04171
4,-61,0.844003538101377,1327.73055177395,7.94847323546324,15.5141457405472,3.43215213952456,15.6551981054824,-2.71719683605765,22.320930749918,6578,6343327306.03537
4,-62,0.873526297285447,1325.85630899135,7.94847323546324,15.7371900340792,3.38471361476616,15.8663163465936,-2.71577650268211,21.8510901026074,6578,6269193874.88215
4,-63,0.90363413747455,1323.98776918117,7.94847323546324,15.962142684627,3.33256863994411,16.0780081284145,-2.71912990623241,21.3918820887821,6578,6171939494.43683
4,-64,0.934331934059578,1322.1245832986,7.94847323546324,16.1889256333818,3.27566886826773,16.2902742000278,-2.72732216388406,20.9431239822085,6578,6054981754.2992
4,-65,0.965624622046338,1320.26639848415,7.94847323546324,16.4174599880992,3.21396723936499,16.50311190657,-2.74041516485653,20.5046286844195,6578,5921806518.34025
4,-66,0.997517182561306,1318.41286283199,7.94847323546324,16.6476659757291,3.14741790988494,16.7165151035247,-2.75846782336543,20.07620580774,6578,5775815146.87379
4,-67,1.03001463777531,1316.56362634365,7.94847323546324,16.8794629426525,3.07597625217183,16.9304741602543,-2.781536238352,19.6576625256511,6578,5620206904.71148
4,-68,1.06312206980177,1314.71833234493,7.94847323546324,17.1127694861975,2.99959901342576,17.144976165729,-2.80967364753649,19.2488040452447,6578,5457897402.83249
4,-69,1.09684459697368,1312.87662606899,7.94847323546324,17.3475033537619,2.91824418226501,17.3600047977673,-2.84293073035548,18.8494345644833,6578,5291470505.49513
4,-70,1.13118737311884,1311.03815370266,7.94847323546324,17.5835814689447,2.8318710194089,17.5755403920256,-2.88135570068323,18.4593578391055,6578,5123158173.08285
4,-71,1.16615560462638,1309.20255475704,7.94847323546324,17.8209200540632,2.74044019641373,17.7915601515564,-2.92499425930768,18.078377502887,6578,4954842050.7434
4,-72,1.20175451770347,1307.36947351162,7.94847323546324,18.0594344838739,2.64391361899208,18.0080379783666,-2.97388992259817,17.7062978915115,6578,4788070957.40945
4,-73,1.23798937762371,1305.53855043117,7.94847323546324,18.2990394213734,2.54225458124344,18.2249447120241,-3.02808393947301,17.3429242225813,6578,4624088260.03822
4,-74,1.27486548595019,1303.70942216579,7.94847323546324,18.539648834554,2.43542777579906,18.442248199325,-3.08761537666312,16.9880629901411,6578,4463864966.32156
4,-75,1.31238815365261,1301.88173013393,7.94847323546324,18.7811758855657,2.32339916887543,18.6599131942298,-3.15252136016454,16.6415225300413,6578,4308135050.96303
4,15,0.0482998061234955,1511.75336747829,7.94847323546324,8.45214521638525,-1.59137417869565,8.3075927719288,2.22601277428495,25.662850082477,18875.2030159718,732761435.574712
4,16,0.054982121264813,1515.02223687832,7.94847323546324,8.52106877420844,-1.6901204444929,8.35054404393794,2.39447997317489,27.2187847082555,17165.5100006247,752682377.526578
4,17,0.0621031056707302,1518.31971078579,7.94847323546324,8.59431170405775,-1.78743956242359,8.39465285332574,2.56650293745617,28.7488507559954,15663.5829992872,774746708.281205
4,18,0.0696640892141881,1521.64598565761,7.94847323546324,8.67185015743131,-1.88324463677708,8.43966049532214,2.74221192444893,30.2525326693668,14335.8376163133,799181133.392033
4,19,0.0776661392338585,1525.00048547451,7.94847323546324,8.75365597249262,-1.97743468013359,8.48529783239696,2.92172235068122,31.7293545628692,13155.6982266367,826251647.604003
4,20,0.0861112693517656,1528.38459115688,7.94847323546324,8.83970680920595,-2.06994621275924,8.53130643198216,3.10514160064531,33.1791816606767,12101.6226158817,856278171.124248
4,21,0.0950008826851284,1531.79801278774,7.94847323546324,8.92997289886502,-2.16068465675936,8.57741333709911,3.29256049374546,34.6017992821405,11156.2011885848,889638618.714315
4,22,0.104336666390045,1535.24093156521,7.94847323546324,9.02442480389784,-2.2495649116605,8.62334746439988,3.48405853010665,35.9971493400264,10305.0562861762,926787975.474682
4,23,0.114120392809606,1538.713521058,7.94847323546324,9.12303170074122,-2.33650231255893,8.66883706964379,3.67970302188806,37.3652669840607,9536.22516274299,968276710.780233
4,26,0.146176293990067,1549.30836778347,7.94847323546324,9.44344042038075,-2.58477085316777,8.79990552829111,4.29200070244846,41.3075518714645,7630.68734959028,1126307989.56222
4,27,0.157770846188644,1552.90090661708,7.94847323546324,9.55832942909927,-2.66309425303153,8.84091014709709,4.5046687166395,42.568636142632,7104.6883363715,1193675833.39972
4,28,0.169823586244158,1556.52406221096,7.94847323546324,9.67719968782459,-2.73906244578358,8.88012912036188,4.72164840766816,43.803787575909,6623.58379509988,1270866811.50161
4,29,0.182336785668919,1560.17794328396,7.94847323546324,9.80001219753672,-2.81259351614474,9.06790241477202,4.66090840449581,43.2166218656416,6578,1357482484.58002
4,30,0.195312802320411,1563.8626604623,7.94847323546324,9.92672666652746,-2.88360633664075,9.27243751534752,4.56913452862116,42.4304810639422,6578,1451108532.4525
4,31,0.20875407147468,1567.57831483547,7.94847323546324,10.0573014604401,-2.95202038383856,9.47713197272321,4.47746653637474,41.6463958599105,6578,1552239338.304
4,32,0.222663110856596,1571.32500367824,7.94847323546324,10.1916936459548,-3.01775586525422,9.68191176631934,4.38612065320593,40.8655778960094,6578,1661415024.27936
4,33,0.237042513725692,1575.10281282131,7.94847323546324,10.329858956827,-3.08073360720193,9.88671769418581,4.29531359297042,40.0891416924121,6578,1779186835.81535
4,34,0.251894955942495,1578.91182428066,7.94847323546324,10.4717518512123,-3.14087521455624,10.0915044635776,4.20526118194524,39.3181069759473,6578,1906107339.00311
4,35,0.267223120672779,1582.75204377834,7.94847323546324,10.6173250462316,-3.19810182811591,10.2962381292785,4.11617866783351,38.5534059049748,6578,2042716310.34166
4,36,0.283029907604302,1586.62360482875,7.94847323546324,10.7665308598313,-3.25233772292831,10.5008990773297,4.02827580826075,37.7958752980778,6578,2189525086.89255
4,37,0.299318308394525,1590.52663713161,7.94847323546324,10.9193204198114,-3.30350799403341,10.7054781761853,3.94175855632638,37.0462680488535,6578,2346992811.65359
4,38,0.31609133953125,1594.46120744411,7.94847323546324,11.0756432580517,-3.35153756305452,10.9099745018044,3.85682952516281,36.3052603401638,6578,2515497202.55229
4,39,0.333352089472545,1598.42736726467,7.94847323546324,11.2354476256622,-3.3963520413198,11.1143952089015,3.77368648378757,35.5734531359685,6578,2695299959.46464
4,40,0.351103747284971,1602.42517762844,7.94847323546324,11.3986806851185,-3.43787817604252,11.3187549436162,3.69252139343409,34.8513751385565,6578,2886505146.27935
4,41,0.369349541677021,1606.45465760891,7.94847323546324,11.5652881468007,-3.47604299665024,11.5230738299901,3.61352104486568,34.1394897093778,6578,3089009677.4006
4,42,0.388092810519824,1610.5158434457,7.94847323546324,11.7352147150564,-3.51077484343502,11.7273776291971,3.53686561124092,33.4381960586555,6578,3302449123.4542
4,51,0.579754552316784,1648.49238877956,7.94847323546324,13.4041962073859,-3.65747055322303,13.5710927555652,2.97909520385642,27.6432613488645,6578,5456846847.65002
4,52,0.60367187573333,1652.8697081155,7.94847323546324,13.6040116846667,-3.65412210979594,13.7771905147445,2.93441030366974,27.0589016438983,6578,5668167130.16093
4,53,0.628128111385395,1657.27829652492,7.94847323546324,13.806461044011,-3.64661191744954,13.9836691025384,2.89363844786997,26.4864949832071,6578,5859310449.43717
4,65,0.965510970149322,1712.71562510196,7.94847323546324,16.4168331002269,-3.21316260953998,16.5021678697901,2.74140084506403,20.5061967012667,6578,5922313542.60707
4,66,0.997403177470323,1717.52768259708,7.94847323546324,16.6470391199637,-3.14662911754572,16.7155829694147,2.75943332182544,20.0777133564527,6578,5776353902.38348
4,67,1.0298998745334,1722.36877113048,7.94847323546324,16.8788339018729,-3.07520014244811,16.9295500553856,2.78248535042382,19.6591172699916,6578,5620767605.3354
4,68,1.06300789152623,1727.23949127857,7.94847323546324,17.1121456659377,-2.99884425141706,17.1440703386626,2.81059573035987,19.2501915495298,6578,5458463259.89393
4,69,1.09672994073174,1732.13837772075,7.94847323546324,17.3468789174742,-2.91750321566888,17.359108151334,2.84383497784893,18.8507705286536,6578,5292038273.14178
4,70,1.13107174069823,1737.06542306606,7.94847323546324,17.5829537197298,-2.83114037328498,17.5746486021447,2.88224631746455,18.4606499236956,6578,5123723369.0536
4,71,1.16603821454911,1742.0201988763,7.94847323546324,17.8202847835883,-2.7397148635705,17.7906669147524,2.92587730949061,18.0796356435962,6578,4955402802.7712
4,72,1.20163419991446,1747.00221162502,7.94847323546324,18.0587854209402,-2.6431865634612,18.0071343140927,2.97477392133389,17.707534955346,6578,4788628067.58329
4,73,1.23786438390879,1752.01087694828,7.94847323546324,18.298367234798,-2.54151580295404,18.2240176773639,3.02898097242674,17.3441573276384,6578,4624645516.63233
4,74,1.27473316976886,1757.04546456997,7.94847323546324,18.5389394472151,-2.4346627258036,18.4412787128586,3.08854299801642,16.9893157560421,6578,4464429828.6653
4,75,1.31224447479028,1762.10501580898,7.94847323546324,18.7804078688106,-2.32258634769431,18.6588726976656,3.15350546435048,16.6428284176833,6578,4308719749.92985
